数据集,数据及特征,,,领域专家,,,非专家,,,ChatGPT,,,ChatGLM,,,LLSec,,
,#规则,#依赖关系,#DF,#DF,FPI(%),时间(分),#DF,FPI(%),时间(分),#DF,FPI(%),时间(分),#DF,FPI(%),时间(分),#DF,FPI(%),时间(分)
1,10,0,11,20,89.11,33,29,69.81,75,38,55.989999999999995,20,55,63.56,18,14,87.52,4
2,14,0,50,48,93.92,40,38,74.05000000000001,73,85,80.31,15,101,42.33,19,700,93.92,5
3,12,4,78,40,91.25999999999999,35,50,64.75,85,41,82.63000000000001,25,86,62.79,9,240,93.27,5
4,12,3,112,56,86.2,40,36,61.57,70,58,59.56,17,77,55.169999999999995,20,1144,90.95,6
5,13,17,168,83,83.25,50,55,52.22,74,90,75.83,25,64,70.71,20,518,94.19999999999999,6
