数据集,数据集特征,,,领域专家,,非专家,,GPT-4,,GLM-4,,LLSec(无领域知识),,LLSec,
,#规则,#DF,#依赖关系,#DF,FPI(%),#DF,FPI(%),#DF,FPI(%),#DF,FPI(%),#DF,FPI(%),#DF,FPI(%)
1,6,0,24,47,95.83,14,75.0,48,79.17,25,78.33,16,70.0,198,90.0
2,11,0,42,73,92.24,45,69.99,107,77.46,50,73.41,36,71.02000000000001,358,90.60000000000001
3,11,8,86,63,88.09,49,58.120000000000005,87,67.71000000000001,44,64.19,30,58.720000000000006,333,94.31
4,12,42,186,72,78.28,74,51.790000000000006,81,51.28,52,55.15,37,44.49,524,94.28999999999999
